,chA,chB,pA,pB,d,score
0,ADC,ADC,1.0,1.0,trace_distance,0.4728216521649324
1,ADC,ADC,1.0,1.0,fidelity,0.6687122350288153
2,ADC,ADC,1.0,1.0,affinity,0.6687122350288153
3,ADC,ADC,1.0,1.0,wooters_distance,0.5215529303668328
4,ADC,ADC,1.0,0.9,trace_distance,0.46409384959408984
5,ADC,ADC,1.0,0.9,fidelity,0.6515115334945851
6,ADC,ADC,1.0,0.9,affinity,0.7254603849738736
7,ADC,ADC,1.0,0.9,wooters_distance,0.5967221467874654
8,ADC,ADC,1.0,0.8,trace_distance,0.4611870676325743
9,ADC,ADC,1.0,0.8,fidelity,0.6338707484175389
10,ADC,ADC,1.0,0.8,affinity,0.7370764774607624
11,ADC,ADC,1.0,0.8,wooters_distance,0.6302676779446639
12,ADC,ADC,1.0,0.7000000000000001,trace_distance,0.45591698669298303
13,ADC,ADC,1.0,0.7000000000000001,fidelity,0.6171682557024695
14,ADC,ADC,1.0,0.7000000000000001,affinity,0.744321196835911
15,ADC,ADC,1.0,0.7000000000000001,wooters_distance,0.6555200825129098
16,ADC,ADC,1.0,0.6000000000000001,trace_distance,0.45487896044897064
17,ADC,ADC,1.0,0.6000000000000001,fidelity,0.6010356559283162
18,ADC,ADC,1.0,0.6000000000000001,affinity,0.7455848358465577
19,ADC,ADC,1.0,0.6000000000000001,wooters_distance,0.67678816087285
20,ADC,ADC,1.0,0.5,trace_distance,0.4524943423026726
21,ADC,ADC,1.0,0.5,fidelity,0.586493489907948
22,ADC,ADC,1.0,0.5,affinity,0.74623451276004
23,ADC,ADC,1.0,0.5,wooters_distance,0.6946510512407383
24,ADC,ADC,1.0,0.4,trace_distance,0.460733946183703
25,ADC,ADC,1.0,0.4,fidelity,0.565529348686022
26,ADC,ADC,1.0,0.4,affinity,0.7393161435962078
27,ADC,ADC,1.0,0.4,wooters_distance,0.7179965127529905
28,ADC,ADC,1.0,0.30000000000000004,trace_distance,0.46337274646029286
29,ADC,ADC,1.0,0.30000000000000004,fidelity,0.5513787155323162
30,ADC,ADC,1.0,0.30000000000000004,affinity,0.7357459847796383
31,ADC,ADC,1.0,0.30000000000000004,wooters_distance,0.733277477208376
32,ADC,ADC,1.0,0.2,trace_distance,0.4737558370958146
33,ADC,ADC,1.0,0.2,fidelity,0.533545952831947
34,ADC,ADC,1.0,0.2,affinity,0.7272461052185163
35,ADC,ADC,1.0,0.2,wooters_distance,0.7516640335279848
36,ADC,ADC,1.0,0.1,trace_distance,0.48630119816937817
37,ADC,ADC,1.0,0.1,fidelity,0.5155295012039182
38,ADC,ADC,1.0,0.1,affinity,0.7172015408089877
39,ADC,ADC,1.0,0.1,wooters_distance,0.7698479990157133
40,ADC,ADC,1.0,0.0,trace_distance,0.4979639486626237
41,ADC,ADC,1.0,0.0,fidelity,0.5021643340927272
42,ADC,ADC,1.0,0.0,affinity,0.7085723335183776
43,ADC,ADC,1.0,0.0,wooters_distance,0.7832334415271025
44,ADC,ADC,0.9,1.0,trace_distance,0.4900451017956391
45,ADC,ADC,0.9,1.0,fidelity,0.6510469956227003
46,ADC,ADC,0.9,1.0,affinity,0.6510469956227002
47,ADC,ADC,0.9,1.0,wooters_distance,0.548503296110155
48,ADC,ADC,0.9,0.9,trace_distance,0.45098803763429746
49,ADC,ADC,0.9,0.9,fidelity,0.6751266297076809
50,ADC,ADC,0.9,0.9,affinity,0.7436912013256484
51,ADC,ADC,0.9,0.9,wooters_distance,0.5748591186440609
52,ADC,ADC,0.9,0.8,trace_distance,0.43335649541873655
53,ADC,ADC,0.9,0.8,fidelity,0.6725198622392115
54,ADC,ADC,0.9,0.8,affinity,0.7666731407472082
55,ADC,ADC,0.9,0.8,wooters_distance,0.5914026825396532
56,ADC,ADC,0.9,0.7000000000000001,trace_distance,0.4177406298527029
57,ADC,ADC,0.9,0.7000000000000001,fidelity,0.6678662072763762
58,ADC,ADC,0.9,0.7000000000000001,affinity,0.7805874371024578
59,ADC,ADC,0.9,0.7000000000000001,wooters_distance,0.6042908417196041
60,ADC,ADC,0.9,0.6000000000000001,trace_distance,0.4048863092756502
61,ADC,ADC,0.9,0.6000000000000001,fidelity,0.6616044944091738
62,ADC,ADC,0.9,0.6000000000000001,affinity,0.7884810754402105
63,ADC,ADC,0.9,0.6000000000000001,wooters_distance,0.6155567466201948
64,ADC,ADC,0.9,0.5,trace_distance,0.38990032941780456
65,ADC,ADC,0.9,0.5,fidelity,0.6602364951032881
66,ADC,ADC,0.9,0.5,affinity,0.7963365285379552
67,ADC,ADC,0.9,0.5,wooters_distance,0.6199295320280169
68,ADC,ADC,0.9,0.4,trace_distance,0.37951022975618387
69,ADC,ADC,0.9,0.4,fidelity,0.6522589554283192
70,ADC,ADC,0.9,0.4,affinity,0.7986126900277103
71,ADC,ADC,0.9,0.4,wooters_distance,0.629972210749672
72,ADC,ADC,0.9,0.30000000000000004,trace_distance,0.3764668649861944
73,ADC,ADC,0.9,0.30000000000000004,fidelity,0.6446134843591498
74,ADC,ADC,0.9,0.30000000000000004,affinity,0.797439985003702
75,ADC,ADC,0.9,0.30000000000000004,wooters_distance,0.6385407817841222
76,ADC,ADC,0.9,0.2,trace_distance,0.37233046782378043
77,ADC,ADC,0.9,0.2,fidelity,0.6372615274529903
78,ADC,ADC,0.9,0.2,affinity,0.7958746388803565
79,ADC,ADC,0.9,0.2,wooters_distance,0.6460263927266402
80,ADC,ADC,0.9,0.1,trace_distance,0.37464706637664474
81,ADC,ADC,0.9,0.1,fidelity,0.6280025118735911
82,ADC,ADC,0.9,0.1,affinity,0.7913236281843651
83,ADC,ADC,0.9,0.1,wooters_distance,0.6546922561391352
84,ADC,ADC,0.9,0.0,trace_distance,0.382775784115622
85,ADC,ADC,0.9,0.0,fidelity,0.618199865075594
86,ADC,ADC,0.9,0.0,affinity,0.7847022239886671
87,ADC,ADC,0.9,0.0,wooters_distance,0.6607482922080663
88,ADC,ADC,0.8,1.0,trace_distance,0.5082519879548176
89,ADC,ADC,0.8,1.0,fidelity,0.6327327425118418
90,ADC,ADC,0.8,1.0,affinity,0.6327327425118418
91,ADC,ADC,0.8,1.0,wooters_distance,0.5763944159852453
92,ADC,ADC,0.8,0.9,trace_distance,0.45802691293892317
93,ADC,ADC,0.8,0.9,fidelity,0.6694863426035685
94,ADC,ADC,0.8,0.9,affinity,0.7402096317117836
95,ADC,ADC,0.8,0.9,wooters_distance,0.5834816782033757
96,ADC,ADC,0.8,0.8,trace_distance,0.4334114203771298
97,ADC,ADC,0.8,0.8,fidelity,0.6778261649110329
98,ADC,ADC,0.8,0.8,affinity,0.7694528454107733
99,ADC,ADC,0.8,0.8,wooters_distance,0.5864881456585844
100,ADC,ADC,0.8,0.7000000000000001,trace_distance,0.4081316626581794
101,ADC,ADC,0.8,0.7000000000000001,fidelity,0.683983514802193
102,ADC,ADC,0.8,0.7000000000000001,affinity,0.7901016931717705
103,ADC,ADC,0.8,0.7000000000000001,wooters_distance,0.5869688097950102
104,ADC,ADC,0.8,0.6000000000000001,trace_distance,0.38754243818328776
105,ADC,ADC,0.8,0.6000000000000001,fidelity,0.68589415885291
106,ADC,ADC,0.8,0.6000000000000001,affinity,0.8038428479539176
107,ADC,ADC,0.8,0.6000000000000001,wooters_distance,0.5902944730824284
108,ADC,ADC,0.8,0.5,trace_distance,0.3664779135679999
109,ADC,ADC,0.8,0.5,fidelity,0.6870770707223789
110,ADC,ADC,0.8,0.5,affinity,0.8136698215786823
111,ADC,ADC,0.8,0.5,wooters_distance,0.591498590436119
112,ADC,ADC,0.8,0.4,trace_distance,0.3493933989804449
113,ADC,ADC,0.8,0.4,fidelity,0.6871961506414369
114,ADC,ADC,0.8,0.4,affinity,0.8199667854367831
115,ADC,ADC,0.8,0.4,wooters_distance,0.5928916809167172
116,ADC,ADC,0.8,0.30000000000000004,trace_distance,0.33313018830187885
117,ADC,ADC,0.8,0.30000000000000004,fidelity,0.6892240409160705
118,ADC,ADC,0.8,0.30000000000000004,affinity,0.8254132918831133
119,ADC,ADC,0.8,0.30000000000000004,wooters_distance,0.5912844911983673
120,ADC,ADC,0.8,0.2,trace_distance,0.32661903290454614
121,ADC,ADC,0.8,0.2,fidelity,0.6846905786712587
122,ADC,ADC,0.8,0.2,affinity,0.824979878631594
123,ADC,ADC,0.8,0.2,wooters_distance,0.5955990576899174
124,ADC,ADC,0.8,0.1,trace_distance,0.3159640234624208
125,ADC,ADC,0.8,0.1,fidelity,0.6871962822802882
126,ADC,ADC,0.8,0.1,affinity,0.8275022602518614
127,ADC,ADC,0.8,0.1,wooters_distance,0.591071585183548
128,ADC,ADC,0.8,0.0,trace_distance,0.3175424461841981
129,ADC,ADC,0.8,0.0,fidelity,0.6833864069994866
130,ADC,ADC,0.8,0.0,affinity,0.8246667948082028
131,ADC,ADC,0.8,0.0,wooters_distance,0.5869408350071225
132,ADC,ADC,0.7000000000000001,1.0,trace_distance,0.5259116199727871
133,ADC,ADC,0.7000000000000001,1.0,fidelity,0.616006869588584
134,ADC,ADC,0.7000000000000001,1.0,affinity,0.6160068695885837
135,ADC,ADC,0.7000000000000001,1.0,wooters_distance,0.6031408898844283
136,ADC,ADC,0.7000000000000001,0.9,trace_distance,0.46572603283456226
137,ADC,ADC,0.7000000000000001,0.9,fidelity,0.6669514551867518
138,ADC,ADC,0.7000000000000001,0.9,affinity,0.7349432912001101
139,ADC,ADC,0.7000000000000001,0.9,wooters_distance,0.5869828428175253
140,ADC,ADC,0.7000000000000001,0.8,trace_distance,0.4296786260660885
141,ADC,ADC,0.7000000000000001,0.8,fidelity,0.6865010705277381
142,ADC,ADC,0.7000000000000001,0.8,affinity,0.7745552342652523
143,ADC,ADC,0.7000000000000001,0.8,wooters_distance,0.5772825568401206
144,ADC,ADC,0.7000000000000001,0.7000000000000001,trace_distance,0.39859491128379304
145,ADC,ADC,0.7000000000000001,0.7000000000000001,fidelity,0.6977097025449472
146,ADC,ADC,0.7000000000000001,0.7000000000000001,affinity,0.7992695879449577
147,ADC,ADC,0.7000000000000001,0.7000000000000001,wooters_distance,0.5718420409379548
148,ADC,ADC,0.7000000000000001,0.6000000000000001,trace_distance,0.37684539482951646
149,ADC,ADC,0.7000000000000001,0.6000000000000001,fidelity,0.7030047264051954
150,ADC,ADC,0.7000000000000001,0.6000000000000001,affinity,0.8137122897152859
151,ADC,ADC,0.7000000000000001,0.6000000000000001,wooters_distance,0.5714284572409327
152,ADC,ADC,0.7000000000000001,0.5,trace_distance,0.3491246381115129
153,ADC,ADC,0.7000000000000001,0.5,fidelity,0.7104765556606304
154,ADC,ADC,0.7000000000000001,0.5,affinity,0.827510768284693
155,ADC,ADC,0.7000000000000001,0.5,wooters_distance,0.5660029657735218
156,ADC,ADC,0.7000000000000001,0.4,trace_distance,0.3235231893333375
157,ADC,ADC,0.7000000000000001,0.4,fidelity,0.7187725069908364
158,ADC,ADC,0.7000000000000001,0.4,affinity,0.8387069970292719
159,ADC,ADC,0.7000000000000001,0.4,wooters_distance,0.5583992518648104
160,ADC,ADC,0.7000000000000001,0.30000000000000004,trace_distance,0.3070433999850288
161,ADC,ADC,0.7000000000000001,0.30000000000000004,fidelity,0.7189738536343112
162,ADC,ADC,0.7000000000000001,0.30000000000000004,affinity,0.8429742021521869
163,ADC,ADC,0.7000000000000001,0.30000000000000004,wooters_distance,0.5586606805151264
164,ADC,ADC,0.7000000000000001,0.2,trace_distance,0.2854824622088754
165,ADC,ADC,0.7000000000000001,0.2,fidelity,0.7275398821376449
166,ADC,ADC,0.7000000000000001,0.2,affinity,0.850487122066422
167,ADC,ADC,0.7000000000000001,0.2,wooters_distance,0.5481875263990132
168,ADC,ADC,0.7000000000000001,0.1,trace_distance,0.27372401740462826
169,ADC,ADC,0.7000000000000001,0.1,fidelity,0.7308670915833676
170,ADC,ADC,0.7000000000000001,0.1,affinity,0.8532175731865573
171,ADC,ADC,0.7000000000000001,0.1,wooters_distance,0.5416025485325059
172,ADC,ADC,0.7000000000000001,0.0,trace_distance,0.2715200197394428
173,ADC,ADC,0.7000000000000001,0.0,fidelity,0.7295673607023513
174,ADC,ADC,0.7000000000000001,0.0,affinity,0.8519506759461883
175,ADC,ADC,0.7000000000000001,0.0,wooters_distance,0.5310950994030331
176,ADC,ADC,0.6000000000000001,1.0,trace_distance,0.5433090839754495
177,ADC,ADC,0.6000000000000001,1.0,fidelity,0.5972070914721962
178,ADC,ADC,0.6000000000000001,1.0,affinity,0.597207091472196
179,ADC,ADC,0.6000000000000001,1.0,wooters_distance,0.6312036582991177
180,ADC,ADC,0.6000000000000001,0.9,trace_distance,0.47157836179563234
181,ADC,ADC,0.6000000000000001,0.9,fidelity,0.6635776345017885
182,ADC,ADC,0.6000000000000001,0.9,affinity,0.7318627024790493
183,ADC,ADC,0.6000000000000001,0.9,wooters_distance,0.5915033738626795
184,ADC,ADC,0.6000000000000001,0.8,trace_distance,0.4289894174680969
185,ADC,ADC,0.6000000000000001,0.8,fidelity,0.6912449882438375
186,ADC,ADC,0.6000000000000001,0.8,affinity,0.7770181396690284
187,ADC,ADC,0.6000000000000001,0.8,wooters_distance,0.572124915688061
188,ADC,ADC,0.6000000000000001,0.7000000000000001,trace_distance,0.39581829345852043
189,ADC,ADC,0.6000000000000001,0.7000000000000001,fidelity,0.7071458103808537
190,ADC,ADC,0.6000000000000001,0.7000000000000001,affinity,0.8038156567489096
191,ADC,ADC,0.6000000000000001,0.7000000000000001,wooters_distance,0.5614187108556604
192,ADC,ADC,0.6000000000000001,0.6000000000000001,trace_distance,0.36299337470697185
193,ADC,ADC,0.6000000000000001,0.6000000000000001,fidelity,0.721090673950636
194,ADC,ADC,0.6000000000000001,0.6000000000000001,affinity,0.8244688336300089
195,ADC,ADC,0.6000000000000001,0.6000000000000001,wooters_distance,0.5502662583114425
196,ADC,ADC,0.6000000000000001,0.5,trace_distance,0.3316631838524524
197,ADC,ADC,0.6000000000000001,0.5,fidelity,0.7318852330646575
198,ADC,ADC,0.6000000000000001,0.5,affinity,0.8402372454738067
199,ADC,ADC,0.6000000000000001,0.5,wooters_distance,0.541435835911518
200,ADC,ADC,0.6000000000000001,0.4,trace_distance,0.3037532070562376
201,ADC,ADC,0.6000000000000001,0.4,fidelity,0.7426904662291891
202,ADC,ADC,0.6000000000000001,0.4,affinity,0.8525287540155623
203,ADC,ADC,0.6000000000000001,0.4,wooters_distance,0.5309934915133628
204,ADC,ADC,0.6000000000000001,0.30000000000000004,trace_distance,0.27588559964573395
205,ADC,ADC,0.6000000000000001,0.30000000000000004,fidelity,0.7521923444383418
206,ADC,ADC,0.6000000000000001,0.30000000000000004,affinity,0.8625787647597841
207,ADC,ADC,0.6000000000000001,0.30000000000000004,wooters_distance,0.520759369051985
208,ADC,ADC,0.6000000000000001,0.2,trace_distance,0.2540624105380272
209,ADC,ADC,0.6000000000000001,0.2,fidelity,0.7604515905260278
210,ADC,ADC,0.6000000000000001,0.2,affinity,0.8696231994709475
211,ADC,ADC,0.6000000000000001,0.2,wooters_distance,0.5101491663046489
212,ADC,ADC,0.6000000000000001,0.1,trace_distance,0.23314753945554778
213,ADC,ADC,0.6000000000000001,0.1,fidelity,0.7719098339998808
214,ADC,ADC,0.6000000000000001,0.1,affinity,0.8770481931112789
215,ADC,ADC,0.6000000000000001,0.1,wooters_distance,0.49341325597612623
216,ADC,ADC,0.6000000000000001,0.0,trace_distance,0.2207447096141868
217,ADC,ADC,0.6000000000000001,0.0,fidelity,0.7804279689573866
218,ADC,ADC,0.6000000000000001,0.0,affinity,0.8813855216663661
219,ADC,ADC,0.6000000000000001,0.0,wooters_distance,0.4672434873625532
220,ADC,ADC,0.5,1.0,trace_distance,0.5579194725568462
221,ADC,ADC,0.5,1.0,fidelity,0.5824364671248982
222,ADC,ADC,0.5,1.0,affinity,0.5824364671248982
223,ADC,ADC,0.5,1.0,wooters_distance,0.655512916372457
224,ADC,ADC,0.5,0.9,trace_distance,0.47930731001773824
225,ADC,ADC,0.5,0.9,fidelity,0.65838635618439
226,ADC,ADC,0.5,0.9,affinity,0.7271757836622833
227,ADC,ADC,0.5,0.9,wooters_distance,0.5969186601746254
228,ADC,ADC,0.5,0.8,trace_distance,0.43310456267530945
229,ADC,ADC,0.5,0.8,fidelity,0.6909353962906303
230,ADC,ADC,0.5,0.8,affinity,0.7749821604802151
231,ADC,ADC,0.5,0.8,wooters_distance,0.5709134179789186
232,ADC,ADC,0.5,0.7000000000000001,trace_distance,0.393304567230645
233,ADC,ADC,0.5,0.7000000000000001,fidelity,0.711761044221951
234,ADC,ADC,0.5,0.7000000000000001,affinity,0.8062114237670496
235,ADC,ADC,0.5,0.7000000000000001,wooters_distance,0.5545552017901642
236,ADC,ADC,0.5,0.6000000000000001,trace_distance,0.35786789589505563
237,ADC,ADC,0.5,0.6000000000000001,fidelity,0.7300916607156095
238,ADC,ADC,0.5,0.6000000000000001,affinity,0.8292561907696206
239,ADC,ADC,0.5,0.6000000000000001,wooters_distance,0.5388813151716267
240,ADC,ADC,0.5,0.5,trace_distance,0.3210240543595523
241,ADC,ADC,0.5,0.5,fidelity,0.7498268409260933
242,ADC,ADC,0.5,0.5,affinity,0.849549117398874
243,ADC,ADC,0.5,0.5,wooters_distance,0.519704725673655
244,ADC,ADC,0.5,0.4,trace_distance,0.2844205557842903
245,ADC,ADC,0.5,0.4,fidelity,0.7680083618201055
246,ADC,ADC,0.5,0.4,affinity,0.866669188614407
247,ADC,ADC,0.5,0.4,wooters_distance,0.5007492232387757
248,ADC,ADC,0.5,0.30000000000000004,trace_distance,0.250451278132136
249,ADC,ADC,0.5,0.30000000000000004,fidelity,0.7818362936926415
250,ADC,ADC,0.5,0.30000000000000004,affinity,0.8793662025268922
251,ADC,ADC,0.5,0.30000000000000004,wooters_distance,0.485168302832268
252,ADC,ADC,0.5,0.2,trace_distance,0.22283225058467063
253,ADC,ADC,0.5,0.2,fidelity,0.7939215401271138
254,ADC,ADC,0.5,0.2,affinity,0.8886840954267377
255,ADC,ADC,0.5,0.2,wooters_distance,0.4698121984273184
256,ADC,ADC,0.5,0.1,trace_distance,0.19931617480272235
257,ADC,ADC,0.5,0.1,fidelity,0.8063005921663758
258,ADC,ADC,0.5,0.1,affinity,0.8965623001045921
259,ADC,ADC,0.5,0.1,wooters_distance,0.4508585411482073
260,ADC,ADC,0.5,0.0,trace_distance,0.18353977239549613
261,ADC,ADC,0.5,0.0,fidelity,0.8187842910660065
262,ADC,ADC,0.5,0.0,affinity,0.9032132297199139
263,ADC,ADC,0.5,0.0,wooters_distance,0.4161013740599124
264,ADC,ADC,0.4,1.0,trace_distance,0.5745675694963871
265,ADC,ADC,0.4,1.0,fidelity,0.5654742562641134
266,ADC,ADC,0.4,1.0,affinity,0.5654742562641133
267,ADC,ADC,0.4,1.0,wooters_distance,0.6817285124112641
268,ADC,ADC,0.4,0.9,trace_distance,0.4871507915173738
269,ADC,ADC,0.4,0.9,fidelity,0.6544265417095976
270,ADC,ADC,0.4,0.9,affinity,0.7222810132798635
271,ADC,ADC,0.4,0.9,wooters_distance,0.6026364125372051
272,ADC,ADC,0.4,0.8,trace_distance,0.43692996537020806
273,ADC,ADC,0.4,0.8,fidelity,0.6900965352332236
274,ADC,ADC,0.4,0.8,affinity,0.7732817196876854
275,ADC,ADC,0.4,0.8,wooters_distance,0.5711325744060578
276,ADC,ADC,0.4,0.7000000000000001,trace_distance,0.3920995733409058
277,ADC,ADC,0.4,0.7000000000000001,fidelity,0.7200435293941058
278,ADC,ADC,0.4,0.7000000000000001,affinity,0.8095638123288863
279,ADC,ADC,0.4,0.7000000000000001,wooters_distance,0.5444289420533428
280,ADC,ADC,0.4,0.6000000000000001,trace_distance,0.3505564956363752
281,ADC,ADC,0.4,0.6000000000000001,fidelity,0.7423881119000368
282,ADC,ADC,0.4,0.6000000000000001,affinity,0.8356792725824856
283,ADC,ADC,0.4,0.6000000000000001,wooters_distance,0.522885722711337
284,ADC,ADC,0.4,0.5,trace_distance,0.3089101848175904
285,ADC,ADC,0.4,0.5,fidelity,0.7651992501645015
286,ADC,ADC,0.4,0.5,affinity,0.8582132358084831
287,ADC,ADC,0.4,0.5,wooters_distance,0.499887474023357
288,ADC,ADC,0.4,0.4,trace_distance,0.26852397766313624
289,ADC,ADC,0.4,0.4,fidelity,0.7875699612889943
290,ADC,ADC,0.4,0.4,affinity,0.8776442119047646
291,ADC,ADC,0.4,0.4,wooters_distance,0.4760924238515543
292,ADC,ADC,0.4,0.30000000000000004,trace_distance,0.23084749861222228
293,ADC,ADC,0.4,0.30000000000000004,fidelity,0.8070694647012844
294,ADC,ADC,0.4,0.30000000000000004,affinity,0.8931020563468858
295,ADC,ADC,0.4,0.30000000000000004,wooters_distance,0.4532539216677624
296,ADC,ADC,0.4,0.2,trace_distance,0.19504269478589245
297,ADC,ADC,0.4,0.2,fidelity,0.8251627208259795
298,ADC,ADC,0.4,0.2,affinity,0.906023126257494
299,ADC,ADC,0.4,0.2,wooters_distance,0.4299759445238723
300,ADC,ADC,0.4,0.1,trace_distance,0.16311714253486334
301,ADC,ADC,0.4,0.1,fidelity,0.8437538283300966
302,ADC,ADC,0.4,0.1,affinity,0.9174795473692187
303,ADC,ADC,0.4,0.1,wooters_distance,0.40195134989010634
304,ADC,ADC,0.4,0.0,trace_distance,0.14426304817754673
305,ADC,ADC,0.4,0.0,fidelity,0.8581083856398072
306,ADC,ADC,0.4,0.0,affinity,0.9250664990468994
307,ADC,ADC,0.4,0.0,wooters_distance,0.35983153925461314
308,ADC,ADC,0.30000000000000004,1.0,trace_distance,0.58943273804069
309,ADC,ADC,0.30000000000000004,1.0,fidelity,0.550517534917785
310,ADC,ADC,0.30000000000000004,1.0,affinity,0.5505175349177849
311,ADC,ADC,0.30000000000000004,1.0,wooters_distance,0.7060048569051576
312,ADC,ADC,0.30000000000000004,0.9,trace_distance,0.4969652124791621
313,ADC,ADC,0.30000000000000004,0.9,fidelity,0.6471671580368575
314,ADC,ADC,0.30000000000000004,0.9,affinity,0.71444866554929
315,ADC,ADC,0.30000000000000004,0.9,wooters_distance,0.6113158099980199
316,ADC,ADC,0.30000000000000004,0.8,trace_distance,0.4433142944764968
317,ADC,ADC,0.30000000000000004,0.8,fidelity,0.6878228545809625
318,ADC,ADC,0.30000000000000004,0.8,affinity,0.7698677422574153
319,ADC,ADC,0.30000000000000004,0.8,wooters_distance,0.5723531739730373
320,ADC,ADC,0.30000000000000004,0.7000000000000001,trace_distance,0.39283075182559074
321,ADC,ADC,0.30000000000000004,0.7000000000000001,fidelity,0.7210403293714007
322,ADC,ADC,0.30000000000000004,0.7000000000000001,affinity,0.8097133302887146
323,ADC,ADC,0.30000000000000004,0.7000000000000001,wooters_distance,0.5408549616787311
324,ADC,ADC,0.30000000000000004,0.6000000000000001,trace_distance,0.3446407830138449
325,ADC,ADC,0.30000000000000004,0.6000000000000001,fidelity,0.7535138397755655
326,ADC,ADC,0.30000000000000004,0.6000000000000001,affinity,0.841368842006409
327,ADC,ADC,0.30000000000000004,0.6000000000000001,wooters_distance,0.5074374608649167
328,ADC,ADC,0.30000000000000004,0.5,trace_distance,0.2966650746875996
329,ADC,ADC,0.30000000000000004,0.5,fidelity,0.784123225524001
330,ADC,ADC,0.30000000000000004,0.5,affinity,0.8683432039087715
331,ADC,ADC,0.30000000000000004,0.5,wooters_distance,0.4746395534253259
332,ADC,ADC,0.30000000000000004,0.4,trace_distance,0.25362633292977205
333,ADC,ADC,0.30000000000000004,0.4,fidelity,0.8086995191685874
334,ADC,ADC,0.30000000000000004,0.4,affinity,0.8888834429417921
335,ADC,ADC,0.30000000000000004,0.4,wooters_distance,0.4475394132044744
336,ADC,ADC,0.30000000000000004,0.30000000000000004,trace_distance,0.2130592471471454
337,ADC,ADC,0.30000000000000004,0.30000000000000004,fidelity,0.8293364519283181
338,ADC,ADC,0.30000000000000004,0.30000000000000004,affinity,0.9051504819371242
339,ADC,ADC,0.30000000000000004,0.30000000000000004,wooters_distance,0.4233078446805227
340,ADC,ADC,0.30000000000000004,0.2,trace_distance,0.17099815391175846
341,ADC,ADC,0.30000000000000004,0.2,fidelity,0.8531347913822769
342,ADC,ADC,0.30000000000000004,0.2,affinity,0.9212094851007345
343,ADC,ADC,0.30000000000000004,0.2,wooters_distance,0.39133052517357503
344,ADC,ADC,0.30000000000000004,0.1,trace_distance,0.13251083580829962
345,ADC,ADC,0.30000000000000004,0.1,fidelity,0.875711203791392
346,ADC,ADC,0.30000000000000004,0.1,affinity,0.9349019948075377
347,ADC,ADC,0.30000000000000004,0.1,wooters_distance,0.35621613048738504
348,ADC,ADC,0.30000000000000004,0.0,trace_distance,0.11143241708826412
349,ADC,ADC,0.30000000000000004,0.0,fidelity,0.8917464886241578
350,ADC,ADC,0.30000000000000004,0.0,affinity,0.9434291938150839
351,ADC,ADC,0.30000000000000004,0.0,wooters_distance,0.30771243919558106
352,ADC,ADC,0.2,1.0,trace_distance,0.6050359395173693
353,ADC,ADC,0.2,1.0,fidelity,0.5354908848665837
354,ADC,ADC,0.2,1.0,affinity,0.5354908848665835
355,ADC,ADC,0.2,1.0,wooters_distance,0.729878549015901
356,ADC,ADC,0.2,0.9,trace_distance,0.5059676404351133
357,ADC,ADC,0.2,0.9,fidelity,0.6386324308142787
358,ADC,ADC,0.2,0.9,affinity,0.7083741396455213
359,ADC,ADC,0.2,0.9,wooters_distance,0.6192268340114632
360,ADC,ADC,0.2,0.8,trace_distance,0.44296599236540796
361,ADC,ADC,0.2,0.8,fidelity,0.6929055261531437
362,ADC,ADC,0.2,0.8,affinity,0.7714767427058199
363,ADC,ADC,0.2,0.8,wooters_distance,0.5625141436830479
364,ADC,ADC,0.2,0.7000000000000001,trace_distance,0.3934399073142736
365,ADC,ADC,0.2,0.7000000000000001,fidelity,0.7267692788577813
366,ADC,ADC,0.2,0.7000000000000001,affinity,0.8107131604105032
367,ADC,ADC,0.2,0.7000000000000001,wooters_distance,0.5297688691358781
368,ADC,ADC,0.2,0.6000000000000001,trace_distance,0.3392213775653761
369,ADC,ADC,0.2,0.6000000000000001,fidelity,0.7622506439622528
370,ADC,ADC,0.2,0.6000000000000001,affinity,0.8455509024264559
371,ADC,ADC,0.2,0.6000000000000001,wooters_distance,0.492227775820318
372,ADC,ADC,0.2,0.5,trace_distance,0.2916542419122352
373,ADC,ADC,0.2,0.5,fidelity,0.7929320943984067
374,ADC,ADC,0.2,0.5,affinity,0.8725923739981889
375,ADC,ADC,0.2,0.5,wooters_distance,0.46041077366358824
376,ADC,ADC,0.2,0.4,trace_distance,0.24265251027269627
377,ADC,ADC,0.2,0.4,fidelity,0.8233139823179908
378,ADC,ADC,0.2,0.4,affinity,0.8966147463129488
379,ADC,ADC,0.2,0.4,wooters_distance,0.42552986955592426
380,ADC,ADC,0.2,0.30000000000000004,trace_distance,0.19697535467718216
381,ADC,ADC,0.2,0.30000000000000004,fidelity,0.8503887935874079
382,ADC,ADC,0.2,0.30000000000000004,affinity,0.9163482448841419
383,ADC,ADC,0.2,0.30000000000000004,wooters_distance,0.3923733763630495
384,ADC,ADC,0.2,0.2,trace_distance,0.14745426744422666
385,ADC,ADC,0.2,0.2,fidelity,0.8797764349372881
386,ADC,ADC,0.2,0.2,affinity,0.935558985961654
387,ADC,ADC,0.2,0.2,wooters_distance,0.3511856822411054
388,ADC,ADC,0.2,0.1,trace_distance,0.10374132001251879
389,ADC,ADC,0.2,0.1,fidelity,0.9067512322110239
390,ADC,ADC,0.2,0.1,affinity,0.9515010490854426
391,ADC,ADC,0.2,0.1,wooters_distance,0.3072297163396676
392,ADC,ADC,0.2,0.0,trace_distance,0.0732797382887817
393,ADC,ADC,0.2,0.0,fidelity,0.9301358424665159
394,ADC,ADC,0.2,0.0,affinity,0.9639982302174538
395,ADC,ADC,0.2,0.0,wooters_distance,0.24129962071718483
396,ADC,ADC,0.1,1.0,trace_distance,0.622778036242141
397,ADC,ADC,0.1,1.0,fidelity,0.5182964478853613
398,ADC,ADC,0.1,1.0,affinity,0.5182964478853612
399,ADC,ADC,0.1,1.0,wooters_distance,0.757743619873581
400,ADC,ADC,0.1,0.9,trace_distance,0.5161260792610168
401,ADC,ADC,0.1,0.9,fidelity,0.6328947757231974
402,ADC,ADC,0.1,0.9,affinity,0.7013237542511778
403,ADC,ADC,0.1,0.9,wooters_distance,0.6236447985605181
404,ADC,ADC,0.1,0.8,trace_distance,0.4528909269280948
405,ADC,ADC,0.1,0.8,fidelity,0.6853509774838513
406,ADC,ADC,0.1,0.8,affinity,0.7649965901424949
407,ADC,ADC,0.1,0.8,wooters_distance,0.5680493840931619
408,ADC,ADC,0.1,0.7000000000000001,trace_distance,0.3937693565752949
409,ADC,ADC,0.1,0.7000000000000001,fidelity,0.7307310551648944
410,ADC,ADC,0.1,0.7000000000000001,affinity,0.8117536868008668
411,ADC,ADC,0.1,0.7000000000000001,wooters_distance,0.5200963281098745
412,ADC,ADC,0.1,0.6000000000000001,trace_distance,0.33739014714715393
413,ADC,ADC,0.1,0.6000000000000001,fidelity,0.7707231033439026
414,ADC,ADC,0.1,0.6000000000000001,affinity,0.8491912098718851
415,ADC,ADC,0.1,0.6000000000000001,wooters_distance,0.47665646139228907
416,ADC,ADC,0.1,0.5,trace_distance,0.2821298521805049
417,ADC,ADC,0.1,0.5,fidelity,0.809699206674238
418,ADC,ADC,0.1,0.5,affinity,0.8808322155680676
419,ADC,ADC,0.1,0.5,wooters_distance,0.4310805782358455
420,ADC,ADC,0.1,0.4,trace_distance,0.23259724535563067
421,ADC,ADC,0.1,0.4,fidelity,0.841145933443917
422,ADC,ADC,0.1,0.4,affinity,0.9053092450183352
423,ADC,ADC,0.1,0.4,wooters_distance,0.39419914117503013
424,ADC,ADC,0.1,0.30000000000000004,trace_distance,0.17981483113915644
425,ADC,ADC,0.1,0.30000000000000004,fidelity,0.873398448416344
426,ADC,ADC,0.1,0.30000000000000004,affinity,0.9282951410475276
427,ADC,ADC,0.1,0.30000000000000004,wooters_distance,0.35331722096269785
428,ADC,ADC,0.1,0.2,trace_distance,0.12637822629998116
429,ADC,ADC,0.1,0.2,fidelity,0.9061640349938002
430,ADC,ADC,0.1,0.2,affinity,0.9492909255635423
431,ADC,ADC,0.1,0.2,wooters_distance,0.3052673185826542
432,ADC,ADC,0.1,0.1,trace_distance,0.07989768563783517
433,ADC,ADC,0.1,0.1,fidelity,0.9356568807953366
434,ADC,ADC,0.1,0.1,affinity,0.9665254799375765
435,ADC,ADC,0.1,0.1,wooters_distance,0.25364338513637535
436,ADC,ADC,0.1,0.0,trace_distance,0.03941871285266746
437,ADC,ADC,0.1,0.0,fidelity,0.965984883533903
438,ADC,ADC,0.1,0.0,affinity,0.9826532910531928
439,ADC,ADC,0.1,0.0,wooters_distance,0.16369936559738738
440,ADC,ADC,0.0,1.0,trace_distance,0.6414538350474269
441,ADC,ADC,0.0,1.0,fidelity,0.49835271884506277
442,ADC,ADC,0.0,1.0,affinity,0.4983527188450627
443,ADC,ADC,0.0,1.0,wooters_distance,0.7871979350373586
444,ADC,ADC,0.0,0.9,trace_distance,0.5299448649814199
445,ADC,ADC,0.0,0.9,fidelity,0.621085516959445
446,ADC,ADC,0.0,0.9,affinity,0.6917364719639458
447,ADC,ADC,0.0,0.9,wooters_distance,0.6256982623945988
448,ADC,ADC,0.0,0.8,trace_distance,0.4566187036125675
449,ADC,ADC,0.0,0.8,fidelity,0.6846632813944159
450,ADC,ADC,0.0,0.8,affinity,0.7633469710811468
451,ADC,ADC,0.0,0.8,wooters_distance,0.5508580654453546
452,ADC,ADC,0.0,0.7000000000000001,trace_distance,0.39679603041148886
453,ADC,ADC,0.0,0.7000000000000001,fidelity,0.7320158276407861
454,ADC,ADC,0.0,0.7000000000000001,affinity,0.8114707873770254
455,ADC,ADC,0.0,0.7000000000000001,wooters_distance,0.49622621446339027
456,ADC,ADC,0.0,0.6000000000000001,trace_distance,0.3369447379721629
457,ADC,ADC,0.0,0.6000000000000001,fidelity,0.7775560264442927
458,ADC,ADC,0.0,0.6000000000000001,affinity,0.8515055221668284
459,ADC,ADC,0.0,0.6000000000000001,wooters_distance,0.44275122725379373
460,ADC,ADC,0.0,0.5,trace_distance,0.27665261726051144
461,ADC,ADC,0.0,0.5,fidelity,0.8190826579959997
462,ADC,ADC,0.0,0.5,affinity,0.8856194006875026
463,ADC,ADC,0.0,0.5,wooters_distance,0.3921484975421507
464,ADC,ADC,0.0,0.4,trace_distance,0.22310060447204574
465,ADC,ADC,0.0,0.4,fidelity,0.8570452681479064
466,ADC,ADC,0.0,0.4,affinity,0.913384786746431
467,ADC,ADC,0.0,0.4,wooters_distance,0.34403388982669303
468,ADC,ADC,0.0,0.30000000000000004,trace_distance,0.16688065487928694
469,ADC,ADC,0.0,0.30000000000000004,fidelity,0.8953715701208963
470,ADC,ADC,0.0,0.30000000000000004,affinity,0.9393037568850832
471,ADC,ADC,0.0,0.30000000000000004,wooters_distance,0.2904251129165563
472,ADC,ADC,0.0,0.2,trace_distance,0.10930747847415455
473,ADC,ADC,0.0,0.2,fidelity,0.9320717707247722
474,ADC,ADC,0.0,0.2,affinity,0.9624276503445713
475,ADC,ADC,0.0,0.2,wooters_distance,0.23026629032525991
476,ADC,ADC,0.0,0.1,trace_distance,0.056183387372559006
477,ADC,ADC,0.0,0.1,fidelity,0.9668874457668889
478,ADC,ADC,0.0,0.1,affinity,0.9824797997326096
479,ADC,ADC,0.0,0.1,wooters_distance,0.15889290402701642
480,ADC,ADC,0.0,0.0,trace_distance,0.011154290633997704
481,ADC,ADC,0.0,0.0,fidelity,1.0
482,ADC,ADC,0.0,0.0,affinity,0.9999999999999999
483,ADC,ADC,0.0,0.0,wooters_distance,0.0
